name,area,owner,email,phone,verified,note
Medchal Diagnostic Center,"Medchal (Sai Leela Complex, opp. Medchal Police Station, NH-44, 501401)",K Hanumanthaiah (contact person per Sulekha),akashkatta81@gmail.com,9848278370,Yes,"CONFIRMED. Independent CT/USG + lab in Medchal town, opposite the police station. MediBuddy lists the full number 9848278370 (services: CT/USG/X-ray/ECG/pathology) and Sulekha independently shows contact person K Hanumanthaiah + email akashkatta81@gmail.com with the number masked as 98*******0 (matches). No website found, so likely lacks integrated software - strong greenfield fit for scan+lab reporting + billing. Reachable by both phone and email."
Vivid Imaging & Diagnostic Centre,Chandanagar (Gangaram),"Dr. Bommireddy Swetha (MD Radiodiagnosis, Director of Radiology Services) & Dr. Janardhana Reddy V (Paediatrician/Intensivist)",info@vividdiagnostics.in,"+91 90148 68655, +91 93909 64532",Yes,"Independent full-modality single centre at 4-102, behind Anu Furniture, Muthoot Finance road, Gangaram, Chanda Nagar 500050. Own site + email + WhatsApp, so tech-forward but juggling reports across MRI/CT/USG/path plus manual home-collection logs. Lead with one unified worklist + tokenized WhatsApp report delivery + consolidated billing. Directors are practising clinicians - pitch to them directly."
Sai Disha Diagnostics,"MIG 249, Road No. 4, KPHB Phase I, Kukatpally - 500072","Dr. Bhasker Rao Gottumukula (radiologist, founder)",contact@saidishadiagnostics.com,+91 8309325893 / +91 7981369957 (official site); landline 040 2305 5223,Yes,"REVISED PITCH: the lead's premise (landline-era lab, no website, manual registers) is wrong - they already run a modern website (saidishadiagnostics.com) with an email and a radiologist owner, and offer full imaging, not just blood tests. Angle should be an integrated reports portal / WhatsApp delivery / LIMS-billing upgrade over their existing web presence, positioned as one of the 'oldest diagnostic centres in KPHB'."
Rushika Scans and Diagnostics,"Habsiguda (H.No.4-7-83/2/SRC/201&202, Sri Rajya Lakshmi Complex, opp Metro pillar C977, beside Just For U, 500007)","Dr. B. Madhavi Poola (MBBS, DNB Radiology, 15+ yrs; FMF-UK certified NT/pre-eclampsia/Doppler, ISUOG member, IOTA & fetal-echo certified) - owner/consultant radiologist",rushikascans@gmail.com,+91 8096977789,Yes,"Confirmed on own site AND independent directories - all contact details match. Single-radiologist, obstetric-heavy scan centre in Habsiguda; runs SEO landing pages for LB Nagar/Uppal/Tarnaka/Secunderabad but appears to be one physical location. Already has a website, so pitch scan-report templating + WhatsApp report delivery to cut front-desk load, NOT a website. Strongest lead."
Aruna Scan & Diagnostics (Pvt Ltd),KPHB / Kukatpally,"Dr. P. Praveen Reddy (MBBS, MDRD Radiology) - Founder & Chairman",info@arunadiagnostics.com,9392166204,Yes,"CORRECTION to lead: NOT a single centre. Official site lists a 3-branch local Hyderabad group - Kukatpally (this lead, 9392166204), A S Rao Nagar (7569221726), Ameerpet (7331168099). Founder-radiologist owned, runs full radiology in-house incl 3T MRI + 16-slice CT. That multi-branch reality makes it an even stronger fit for a centralized LIS+RIS + tokenized report-delivery pitch. Reachable directly via own site."
Medline Diagnostic Labs,"Kothapet / Nagole (Road No.13, Snehapuri Colony, RK Puram, 500035)",Dr. Ganji Venu (Founder & MD),medlinelabs2014@gmail.com,+91 98498 60088,Yes,"Strongest lead - all key facts confirmed on the lab's OWN website: single-branch owner-run NABL lab, named MD Dr. Ganji Venu, public phone and email all match the scraped values. Runs high-complexity reference-lab menu (molecular/cytogenetics), likely on manual/spreadsheet workflows. Pitch LIS + WhatsApp report delivery to Dr Ganji Venu directly."
Umed Diagnostics,"Miyapur (Plot 62, RK Plaza, Matrusri Nagar, Miyapur Cross Road, 500049)",Reddy Renuka Bommi (matches 'renuka@' email; director of Umed Hospitals Pvt Ltd); co-director Udumula Venkateswarlu; Syed Fahad listed as Director of Lab Operations,renuka@umeddiagnostics.com,"8106399958, 7032979499",Yes,"BEST-VERIFIED lead. Both numbers confirmed (8106399958 on diagnosticcentres.in, 7032979499 on Justdial/website). Email renuka@umeddiagnostics.com confirmed on diagnosticcentres.in - NOTE the email is .com while the site is .in, and staff use @umeddiagnostics.in addresses; use with care. Own single-centre company (UMED Hospitals Pvt Ltd), independent, 4.4-star/292 reviews. Has website + LinkedIn + Facebook + departments pages -> digitally active, larger imaging+path centre = strong LIMS/PACS/patient-report-portal prospect."
Hardhik's Gastro Liver Clinic & Scan Center,"Nacharam (111A, Nacharam-Mallapur Rd, MBD Complex, Bapuji Nagar, HMT Colony, 500076)","Dr. N. Ravisankar Reddy (senior gastroenterologist/hepatologist) & Dr. Silpa Reddy (radiologist) - founders, established 2018",drnravisankar@yahoo.com,"+91 9848407907, 040 4857 3044, +91 6305939545",Yes,"Confirmed on own site + Lybrate/Facebook/HexaHealth. Independent doctor-owned gastro clinic with attached scan centre (not a hospital chain). Already has a website AND an online-consultation portal (online.ravisankargastro.com), so partly digital; pitch integrated scan-report + patient-record software tied to their endoscopy/scan workflow rather than a basic site."
My Labs India (My Labs Speciality Diagnostics),"Peerzadiguda / Boduppal (#3-78/79/80, Mallikarjuna Nagar, opp Uppal Bus Depot, Warangal Highway, 500039)","Praveen Kumar Airva (Executive Director) — biotech/clinical-genetics background, ~2 decades in labs",mylabscustomercare@gmail.com,"+91 79932 78472, +91 79932 78373, 9121865734",Yes,"CONFIRMED on its own website (both mylabsdiagnostics.com and mylabsindia.in are the same official site) plus diagnosticcentres.in. Independent, owner-run multi-department central lab (path + radiology + cardiology) at Uppal Depot edge, single processing centre. It ALREADY has a WordPress/WooCommerce-style site with online product/test catalogue and a login portal — so pitch a proper LIS/report+billing system to replace the DIY WooCommerce setup, and unified WhatsApp report delivery, not a first website. Owner name verified."
Doctors Diagnostic Centre,Santoshnagar,Srinivas Naidu,mdvr103@gmail.com,040 6508 6159 / 040 2453 2496,Yes,Exists and independent (distinct from the Vijaya Diagnostic chain branch that is also in Santosh Nagar). Both landlines and the address confirmed across directories (a third line 040 2453 2495 also appears). Long-running clinic-adjacent lab; pitch consolidated billing + report delivery across path and scans. No website found = candidate for software.
Elisa Diagnostic Center,Ameerpet,,elisareddy@yahoo.co.in,040 2374 0724 / +91 93475 40724,Yes,"Independent path lab; both phones + yahoo email confirmed on own (aging, SSL-expired) website, JustDial, Practo, IndiaMart and mappls. Clear opening for modern lab software + report portal to replace the yahoo-email/old-site setup."
Hyderabad Scan & Diagnostic Centre,Charminar,Mohammed Sirajuddin Shareef,shareefsiraj3@gmail.com,040-2341-4051 / 040-2341-4050 / 9985553415,Yes,"Owner name (Mohammed Sirajuddin Shareef), email (shareefsiraj3@gmail.com), website and address all confirmed on Sulekha. No phone published on any directory, so email the owner directly re: digital scan-report generation + WhatsApp delivery. Registered a domain but it appears non-functional = strong 'you have a name but no working digital system' hook."
Megsan Diagnostics,"Kompally / Petbasheerabad (Quthbullapur mandal), Hyderabad 500055",,info@megsandiagnostics.com,9885317692,Yes,"CONFIRMED. Independent multi-modality Pvt Ltd centre in Kompally (Hi-Tension Rd, beside Hotel SPG Grand). eka.care lists +919885317692 (exact match to scraped number) and consultant Dr Ravi Chander Chintala. IMPORTANT: this centre already runs its own website (megsandiagnostics.com), LinkedIn + Facebook pages, a toll-free line and email info@megsandiagnostics.com, so it is NOT a first-time-software prospect. Pitch as an LIS/RIS + report-delivery UPGRADE, not a greenfield sale."
Mohans Diagnostic (Mohans Health Care),"Mehdipatnam (Gudimalkapur / veg-market circle, beside Vijaya Bank, Ushodaya Colony), Hyderabad 500028",P. Meghanath (Director/CEO; also a practising cardiologist per Justdial); 'Lavanya' listed as Chairman,mohanshealthcare23@gmail.com,9290453026,Yes,"High-menu independent lab + clinic (histopath, flow cytometry, RT-PCR). Runs on only a basic brochure website + gmail - no LIMS/patient portal, strong fit for lab-management + digital report delivery. Corrected the lead's phone (9290452935 appears nowhere) to the official-site number."
Sigma Diagnostic,Nizampet,P. Venkat,sigmaadiagnostics@gmail.com,9550238428,No,"Est 2010, 4.7-star with 186 reviews; owner P. Venkat on Sulekha; active Gmail - owner-operated with no formal LIS; warm cold-call target."
Medicure Plus Diagnostic Centre,"Rajendranagar (Satti Reddy Complex, beside Apollo Pharmacy, Hyderguda X Road), Hyderabad 500048",,help@medicureplus.in,9848050800 / 9848030625 / 9949803555,Yes,Independent owner-run Rajendranagar centre with full radiology and its own website + Facebook/Instagram; digitally forward. Pitch integrated LIS/RIS with WhatsApp report delivery.
Aruna Diagnostics (Ameerpet branch),Ameerpet,,info@arunadiagnostics.com,7331168099,Yes,"Confirmed on own site + Justdial. Independent, only 3 branches (Ameerpet near Lal Banglow, Kukatpally, AS Rao Nagar), and each branch runs its own gmail = no central system. This is a full-service imaging + pathology centre (MRI/CT/mammography), not a small lab, so real report volume. Pitch one portal across all 3 branches with consolidated, branded reporting."
Pulse Diagnostics and Polyclinic,"Attapur (Kishan Bagh, Pillar No 143, BPN Square, below Mithas Vatika, opp PNB) - 500048",,pulselab.polyclinic@gmail.com,7382247744,Yes,Cardiac-focused polyclinic (2D Echo/TMT/ECG/Holter) plus lab and pharmacy - pitch unified cardiac + lab report templates and integrated pharmacy billing. Open Mon-Sat 8am-10pm. Has own website 2dechodiagnostics.com.
Abhishek Scan Centre (Abhishek Scanning Centre),Begumpet,Dr. D L Praveen (radiologist / proprietor),tlnpraveen@gmail.com,040 27901828 / 040 23542080,Yes,"Confirmed: single doctor-run scan centre at 1-8-370/372 Chiran Fort Club Lane 2 (behind Begumpet passport office / adj Splendid Tower); afternoon-only slots ~12:30-4:30 PM, no website. Owner Dr. D L Praveen and both 040 landlines corroborated across deccanconnect/jupiteryellow/justdial. Email tlnpraveen@gmail.com is from the Sulekha listing (medium). WARNING: the whatsapp 9820693367 and email [email protected] shown on healthcareontime are a shared lead-gen number reused on other listings - do NOT use. Pitch faster USG reporting + WhatsApp report delivery."
My Labs Speciality Diagnostics Services,Boduppal,,mylabscustomercare@gmail.com,7993278472 / 7993278373 / 9121865734,Yes,"Existence + primary phones (79932 78472 / 78373) + email confirmed across multiple sources (diagnosticcentres.in, getvisitapp, justdial, and their own live site). CORRECTED website: lead's mylabsindia.in is dead (connection refused); the real live company site is mylabsdiagnostics.com, which matches the same phones + email. Small local group, NOT a big chain: main Uppal/Boduppal centre plus a 'My Labs India Medical Services' branch in Peerzadiguda (~2 locations). Already runs its own site + online booking/app, so less of a greenfield software pitch - lead with dual-branch reporting + referral payouts."
Konark Diagnostic Centre,"Dilsukhnagar (HQ: Konark Towers, Andhra Bank Colony, 500036) + Vanasthalipuram + Nagole branches",,contact@konarkdiagnostic.com,040 2406 5397 / 040 2406 2051 / +91 73861 76374 / +91 78428 46079,Yes,"All four phones + email confirmed on the official contact page. Multi-branch confirmed: Dilsukhnagar HQ, Vanasthalipuram (Ganesh Temple Rd, opp More) and Nagole (Bandlaguda Rd) branches all found in directories - covers three of our target localities. Own website but no online reporting/portal shown; strong fit for multi-branch lab software with centralized reporting. Owner name not published anywhere - ask on call."
Tricorder Diagnostics,"Gachibowli / Khajaguda (Siri Sampada Arcade III, opp Niharika Interlake, behind Union Bank) - 500032",,Support@tricorderdiagnostics.com,+91 99666 68797,Yes,"Confirmed young single-branch independent lab (Tricorder Diagnostics Pvt Ltd, ~est 2021) still scaling - likely open to modern lab software. Pitch billing + online reports + home-collection ops. WhatsApp confirmed as the same number as the phone (their site lists it as a WhatsApp line), so filled it in."
Sathya Diagnostics Centre,"Kondapur (21-41/17/A, near 8th Police Battalion Gate, opp Bejawada/Bezawada Bojanam) - 500084",V. Srinivas,reddysatishwar@gmail.com,"+91 99084 18808, 9000023500",Yes,"Independent single-branch Kondapur lab+scan, confirmed across Justdial, magicpin and diagnosticcentres.in. Lean operation - pitch report automation + WhatsApp delivery to save front-desk time. Email reddysatishwar@gmail.com is confirmed and hints owner may be a 'Satishwar Reddy', but no owner name is explicitly stated, so left blank."
Tirumala Speciality Clinics & Diagnostics,"Kothaguda X Rd, Kondapur, Hyderabad (also Attapur & Karimnagar)",,tirumaladiagnostics8@gmail.com,9059478355,Yes,"Own contact page confirms Kondapur number 9059478355 and 3 branches: Attapur line 8099746797, Karimnagar line 9182858228. Independent 3-branch group - pitch centralized multi-branch reporting + billing so head office sees all centres in one place. No email published."
Sri Nandi Diagnostic Centre,"LIG 564, Road No. 3, KPHB Colony, Kukatpally - 500072",,sndc999@gmail.com,+91 8464 99 00 33,Yes,"Single independent centre with in-house imaging AND pathology running 24/7 - top-tier fit for a reports portal + WhatsApp delivery + billing/LIMS. Only has a basic static HTML site and a gmail address today, so plenty to upgrade. Address is LIG 564, Road No. 3, KPHB Colony."
Janata Diagnostic Centre,"Langar House / Langar Houz (P Indra Reddy Bridge, opp Pillar No 2), Mehdipatnam - 500028",,janatadiagnosticcentre1987@gmail.com,040 4971 5311,Yes,"35+ year old single-location family-run lab, almost certainly paper-based - lead with a modernization pitch (digital reports, WhatsApp delivery). Full address: 9-2-286/3/2, P Indra Reddy Bridge, opp Pillar No 2, Langar House."
Konark Diagnostic Centre (Moosarambagh),"Malakpet / Moosarambagh (New Malakpet), Dilsukhnagar side",,contact@konarkdiagnostic.com,"+91 7386176374, +91 7842846079, 040 24065397, 040 24062051",Yes,"VERIFIED - strongest lead. Own live website + business email + a genuine 2nd Santosh Nagar branch (both confirmed). Phone, email and address all match the official contact page exactly. The Santosh Nagar branch listing ALREADY advertises report delivery by email/WhatsApp within 24-48h, so they have a partial workflow but likely stitched manually across two sites. Pitch unified cross-branch lab software (auto reports with logo, faster WhatsApp delivery, cross-branch billing/TAT). No owner/director name is published anywhere - get it on the call."
Medcare Diagnostic Services & Multispeciality Clinic,"Manikonda (Alkapur/Alapoor Township, Rd No.22) - plus Shaikpet (O.U. Colony) & Raidurg branches",,info@medcareindia.in,"040-2356 4777, 9849776136, 7032518833, 7032518844",Yes,"Confirmed independent 3-branch group (Shaikpet, Manikonda/Alkapur, Raidurg), established 2011, own website with patient login/report portal. Good multi-branch fit: pitch centralized LIS + shared report portal across branches. Note per their own contact page the 'Beside Bheemas Hotel, O.U. Colony' address is the Shaikpet branch; Manikonda is the Alkapur Township Rd No.22 branch."
Mohans Health Care,"Mehdipatnam (Gudimalkapur, veg market circle, beside Vijaya Bank)",Mrs. Lavanya (Chairman); Mr. P. Meghanath (President & CEO),mohanshealthcare23@gmail.com,9290453026,Yes,All contacts confirmed verbatim on the official site. Runs corporate/TPA bulk checkups - pitch batch report generation + TPA billing/reporting module; named owners make direct outreach easy. Registered 2007.
Medicure Plus Diagnostic Centre Pvt Ltd,"Rajendra Nagar (Satti Reddy Complex, Hyderguda X Road, beside Apollo Pharmacy) - 500048",,help@medicureplus.in,9848050800,Yes,"Full-service multi-modality centre - bigger than a basic lab: does CT + Mammography + OPG on top of path/USG/X-ray. Already has a basic website, so pitch integrated multi-modality reporting + a real online report portal upgrade. Open 7am-10pm."
R Square Diagnostics,"Shaikpet / Manikonda (OU Colony Youth Club, Manikonda Rd, OU Colony, Shaikpet - 500008)",,rsquarediagnostics@gmail.com,"+91 87901 20099, +91 91215 00500",Yes,"Confirmed single-centre independent imaging + lab on Manikonda Rd, own live website + Instagram/Facebook, strong reviews (4.6, ~487). Good integrated fit: pitch combined LIS + radiology reporting with WhatsApp report delivery. Associated doctors Dr. Riyasath Ali (Syed) and Dr. Shailesh Kumar - visiting/associated, not confirmed as owner."
Dr Varsha Diagnostic Services,Tarnaka (HUDA Complex; on the Habsiguda edge),,drvershadiagnostics@gmail.com,040-27018253,Yes,"Established, well-run lab (7-day hours, multiple lines). ALREADY has a basic Wix site + Gmail, so this is NOT a 'no software' cold pitch - reframe as replacing an ad-hoc setup with integrated billing + a proper report portal. Corrected locality: it is really Tarnaka (HUDA Complex, 500007) on the Habsiguda edge, not Habsiguda proper. Name is spelled 'Versha' on their own site vs 'Varsha' in directories."
Biosytech Healthcare Clinic,"Tolichowki (Syeda Arcade, 7 Tombs Road, next to Alexander School), Hyderabad 500008",D Ali (listed as Manager on IndiaMART),biosytechhealthcare@gmail.com,040 6555 1056,Yes,"Clinic + lab combo taking walk-in and referral patients, with radiology and day care. Runs on a gmail + basic brochure site (biosytechindia.com), no real EMR/LIMS - pitch integrated OP/EMR + lab reporting through one system. NOT the UAE 'Biosytech Medical Laboratory' (biosytech.com) - different entity."
Trulife Diagnostics (Trulife Multispeciality Clinic & Diagnostic Center),"Tolichowki (near IBM Hospital / MD Lines, Moti Darwaza Road, Minar Colony), Hyderabad 500008",,info@trulifediagnostic.com,8186962516,Yes,"Real, digitally receptive Tolichowki centre with its own live website (radiology + lab tests pages) and Practo/JustDial listings. Already running a site, so pitch WhatsApp report delivery + online test booking on top of their LIS. Secondary line also seen: 9009009956."
Aquats Path Labs (Aquats Path Labs India Pvt Ltd),"Uppal (H.No 2-17-42, 1st & 2nd floors, Bank Colony Main Road, 500039)",,info@aquatspathlabs.com,"+91 9063906319, +91 9063906329",Yes,"CORRECTION to original note: they DO run a portal/login system (patient/partner login at signup.aquatspathlabs.com), so 'no visible LIS' is WRONG. Large, sophisticated B2B reference lab rated 4.9 (69 reviews on Justdial), registered Pvt Ltd company. LOW priority for a core LIS pitch - likely already software-enabled; only viable angle is a differentiated B2B partner-portal. Verify current stack on call."
Apple Diagnostic & Medical Centre,"Vivekananda Nagar Colony Main Road, Sumitra Nagar Colony, Kukatpally 500072",Dr. Prasad Allamaraju (Managing Director),helpdesk@appledc.in,040 6529 6669,Yes,"CORRECTION to original note: this is NOT a software-lacking lead. It already runs its own website (appledc.in), advertises real-time web-based reports/data access, and operates 4+ centres in 4+ Telangana areas under MD Dr. Prasad Allamaraju (25+ yrs). Independent of the big chains but a digitally mature local mini-chain - pitch as an integration/upgrade or multi-branch consolidation, not a first-time software sale. Phone 040 6529 6669 confirmed across directories; email helpdesk@appledc.in from their own site."
Apple Diagnostic & Medical Centre,"Vivekananda Nagar, Kukatpally (HQ; also Bachupally, Mahbubnagar, Nalgonda)",,helpdesk@appledc.in,+91 80088 04014,Yes,"LOW PRIORITY / partnership only. Confirmed on their own site: 4 branches, hospital-lab-management as a service, and an active franchise program (franchise/corporate contact 'Rakesh', rakesh@appledc.in, +91 90003 90078). A group that sells lab-management + runs 4 branches almost certainly already has its own LIMS - not a fresh software sale. Not a branch of any named big chain, so 'independent' true, but it is effectively its own mini-chain."
Radiance Diagnostics,"Ameerpet / SR Nagar (opp Smart Bazaar, Pillar No A-1081)",,info@radiancediagnostics.net,+91 73311 03203 / +91 73867 99951 / +91 73867 99952 / 040 2341 4579,Yes,"Two-branch NABL imaging+lab - a small local group, NOT one of the big chains. Own contacts page confirms all 3 mobiles + landline 040 23414579 and both branch addresses; email is domain-consistent (info@radiancediagnostics.net, page masked the exact address). Already has a website & mobile lines - upsell integrated multi-branch LIS/RIS + unified billing across both locations."
Satyasree Clinics & Diagnostics,"Botanical Garden Rd, beside Chirec School, Kondapur, Hyderabad",,satyasreehospital@gmail.com,"9515344388, 040-48518258",Yes,"Both appointment numbers + Gmail confirmed on own contact page (also lists emergency line 7032088258). Small single clinic-cum-lab using only a Gmail address - pitch branded PDF reports + patient EMR. Practo/Lybrate list 'Dr. Satya Ramya' as a doctor there (name echoes 'Satya Sree') but not stated as owner, so owner left blank."
Rajasthani Charitable Poly Clinic & Diagnostic Centre,Charminar,,rssthyd022@gmail.com,8333830808 / 9494109449,Yes,"CORRECTION: this centre already runs a LIVE official website (rajasthanihospital.com) with online appointment booking, so the 'lacks software / no website' angle does NOT apply - pitch report/record-management upgrade instead. Phone and email taken from their own site (most authoritative). Charitable/subsidised model = budget-sensitive; lead with a low-cost tier."
Akshara Diagnostics & Thyrocare Services,"Jeedimetla (Apuroopa Colony, near Jeedimetla Bus Depot Lane, IDA Jeedimetla, 500055)",,smajmule@yahoo.com,9666628459,Yes,"Phone 9666628459 and email smajmule@yahoo.com CONFIRMED on diagnosticcentres.in; JustDial listing (Apuroopa Colony, Jeedimetla) corroborates existence. This is a Thyrocare FRANCHISEE/collection centre operating under its own 'Akshara Diagnostics' brand - franchisee-owned, not a Thyrocare corporate branch, so treat as independent (but be aware of the Thyrocare tie in the pitch). Personal Yahoo email + single-directory presence = tiny manual operation, almost certainly no software. Good short email-demo target: pitch billing + report automation to replace the manual franchise workflow."
Dr Noshina's Speciality Diagnostic Center,Tolichowki,Dr Noshina Arneb,drnoshina@yahoo.co.in,8008083708,No,Doctor-owned USG and infertility specialist centre; pitch digital scan report delivery + referring-doctor portal.
Krithik Diagnostic Centre,Boduppal,,kannachary806@gmail.com,6303564427 / 9347688806,Yes,"Existence confirmed on two sources (diagnosticcentres.in + doctorc.in home-collection listing). Phone + gmail are single-sourced (diagnosticcentres.in only) - not independently corroborated. The listed website krithik-diagnostic-centre.business.site is DEAD (returns 404; Google shut business.site down), so blanked - centre effectively has no working digital presence, which is a strong software/report-delivery pitch. Verify MRI/CT is genuinely in-house vs outsourced (a small residential-colony address doing full in-house MRI+CT is doubtful)."
Shine Diagnostic and Scan Centre,Charminar,,shine.diag@gmail.com,9346799855,No,Has website and offers 1-hour e-reports - likely managing delivery manually via email/PDF; pitch structured patient portal + auto-dispatch.
Mesco Diagnostic Centre,Malakpet,Abdullah,mescodc@hotmail.com,040-3324-2695,No,Community-facing owner-managed centre beside Haji Kamal Mosque; email available - pitch affordable LIS with WhatsApp report dispatch.
Global Diagnostic (Lingampally),"Serilingampally (Lingampally), Hyderabad - 500019",Dr. Anoop Reddy (per email),dranoopreddy@gmail.com,9550319737,Yes,"Thin, directory-only lead: no website, no email, no owner. Appears to be a small independent Serilingampally lab distinct from the Manikonda 'Global Diagnostic Centre', but existence rests on aggregator directories rather than any first-party source. If real, a strong entry-level LIS + branded-report + WhatsApp-delivery target. VERIFY BY CALL before adding to the dial list."
Dr Remedies Labs Pvt Ltd,Banjara Hills,,customercare@remedieslabs.com,7799721212,No,NABL-certified boutique lab at Road No 12; pitch QC modules + compliance dashboards alongside core LIS. NOTE: another agent flagged Dr Remedies as 9-location chain - VERIFY before contacting.
Shatayu Diagnostics,Chandanagar,,shatayudiagnostics2013@gmail.com,9966562688,No,"Est 2013, active Gmail suggests no formal LIS; Manjeera Road near GHMC - pitch billing automation + shift-end MIS."
Likhitha's Diagnostics & Speciality Lab,"KPHB Phase I, Road No. 4, Kukatpally",,enquiry@likhithadiagnostic.com,040 2305 7701,Yes,"NOT a small single independent: Likhitha is a MULTI-CITY chain (multiple Hyderabad branches + Pune/Aundh, Tirupati, Vijayawada, Karimnagar, ECIL/Kapra). Has its own website + home collection, so it almost certainly already runs LIMS/billing software. Weak cold-call fit - de-prioritize vs the smaller single-lab targets. Self-owned brand (not one of the excluded big chains), but far larger than the lead assumed."
Santhanu Clinics & Diagnostics,Khajaguda (Gachibowli / Nanakramguda corridor),,santhanucare@gmail.com,9150708888,No,Ultramodern multispecialty at Khajaguda serving Gachibowli-Nanakramguda corridor; integrated in-house lab - ideal LIS + billing upsell.
Elite Diagnostic And Scan Centre,Nampally,Dr. Santosh Kondapalli,info@elitediagnostics.in,040-6457-5339,No,At Quli Qutub Shahi Stadium near Nampally railway station - very high footfall; pitch rapid billing + token queue.
RV Diagnostic & Research Centre,Boduppal,,sangeethapawar1988@gmail.com,9701270981,No,"Own branded website + email; tech-engaged owner - email first, follow up by phone for LIS+billing pitch."
Iris Diagnostics,Langar Houz (Nanal Nagar X Road),,connect@irisind.in,8142201133 / 8142201144 / 8142201155,No,High-tech USG-only alternative to corporate hospitals; pitch radiologist report portal + referring-doctor login.
GYD Diagnostic & Reference Clinic,Musheerabad,Dr. Ganesh Oruganti,support@gydhealth.com,04042414142,No,Specialty reference lab with immigration medicals and tele-med; pitch integration of visa-report templates + billing into one LIS. Most sophisticated independent found.
Saanvi Labs,Somajiguda,,prakash@saanvilabs.com,7842404536 / 8340887102,No,Small independent pathology lab with active home-collection; barcode sample tracking + TAT dashboard are easy wins; email prakash@ directly.
Megsan Diagnostics (Megsan Diagnostics Private Limited),"Kompally / Pet Basheerabad, Hi-Tension Road, Sy No.1 (beside Hotel SPG Grand, opp PVS Pharmacy), Quthbullapur, 500055","Madireddy Jayapal Reddy (Co-Founder & Managing Director) and Madireddy Jyothirmai (Co-Founder) - confirmed via ZaubaCorp/Tracxn (CIN U85110TG2018PTC128173, incorporated Nov 2018)",info@megsandiagnostics.com,,Yes,"Business and owners CONFIRMED (own website, CIN, multiple listings). Email info@megsandiagnostics.com verified on the official domain via Sulekha - use this as the reliable first contact. NO direct dial confirmed: the toll-free 1800-120-303303 / 9289628087 on aggregators appear on other unrelated labs = shared third-party booking lines, do NOT use. The eka.care number +919885317692 belongs to Dr Ravi Chander Chintala (a urologist consulting at the same address), not the diagnostics reception. Do NOT confuse with the separate 'Megsan Labs' (Ruby Block, Kompally), a different pharma-testing company. Family-run group (also has a Nizamabad Pvt Ltd entity) - pitch integrated RIS/LIS + WhatsApp reports to the Madireddy owners via email/website, and get the reception direct line on first call."
